label,postingan
sah,Tiba juga kita di Minggu ke-7 Hari pertama! Jangan lewatkan pertandingan seru di hari ini! Dapatkan samsung Galaxy S Series sekarang! https://bit.ly/GALAXY-S24 jangan lupa Follow. like. dan subscribe channel MPL ID ya!  Instagram: https://www.instagram.com/mpl.id.official... Tiktok: https://www.tiktok.com/@mpl.id.official?_t=8kjN703EHVx&_r=1 Facebook: https://www.facebook.com/mpl.id.official/ YouTube: https://youtube.com/@MPLIndonesia?si=7UJjKEwbuwMf4MqX Twitter: https://twitter.com/mpl_id Official Website: https://id-mpl.com #WeOwnThis #mpls13 #mplindonesia #mplseason13 #mobilelegendsbangbang #mlbb...
sah,Match besar masih berlanjut di Hari Kedua! Dibuka dengan match bergengsi antara Aura vs Onic dan dilanjut dengan pertandingan antara sang Macan Putih. Evos Glory berhadapan dengan Alter Ego dan ditutup dengan pertandingan RRQ Hoshi vs Bigetron Alpha! Jangan lewatkan pertandingan seru di hari ini! Dapatkan samsung Galaxy S Series sekarang! https://bit.ly/GALAXY-S24 jangan lupa Follow. like. dan subscribe channel MPL ID ya! Instagram: https://www.instagram.com/mpl.id.official... Tiktok: https://www.tiktok.com/@mpl.id.official?_t=8kjN703EHVx&_r=1 Facebook: https://www.facebook.com/mpl.id.official/ YouTube: https://youtube.com/@MPLIndonesia?si=7UJjKEwbuwMf4MqX Twitter: https://twitter.com/mpl_id Official Website: https://id-mpl.com #WeOwnThis #mpls13 #mplindonesia #mplseason13 #mobilelegendsbangbang #mlbb...
sah,Belajar langsung dengan pro player! Siapa mauuu? *Khusus bagi pemain yang sudah daftar MICC! (id-mdl.com/micc/register) Catat hari dan jam-nya ya! 1. EXCLUSIVE COACHING CLINICRRQ Fiel 7 Mei 2024 Coach Yeb 20 Mei 2024 Hanya di Discord MLBB ID https://bit.ly/MICCDiAjarPro 2. LUCKY FANS LIVESTREAM Belajar hero. by one. hingga by one sama idol favorit kalian! Catet tutorialnya ya! Ekooju - 9 Mei 2024 - Youtube Channel Oura RRQ R7 - 13 Mei 2024 - Youtube Channel R7 Tatsumaki Sir Pai - 20 Mei 2024 - Youtube Channel Sir Pai ONIC Kairi - SURPRISE DATE - Youtube Channel Kairi Official ONIC Sanz - SURPRISE DATE - Youtube Channel ONIC Sanz Masih ga mau daftar MICC? Gratis dan dapat gratis coaching juga! Langsung aja daftar sekarang yaaaa!! #ESPORTS4EVERYONE #MICCS2...
sah,Akhirnya kita sampai di Hari ketiga Minggu ke-7! Hari dibuka dengan pertandingan antara Evos Glory melawan Dewa United. dilanjut dengan match kritis antara Alter Ego versus Geek Fam. kedua tim tersebut sama-sama sedang mencari kemenangan guna terlepas dari zona merah. Lalu Minggu ke-7 ditutup dengan match Royal Derby antara  RRQ Hoshi melawan Onic! jangan lewatkan pertandingan seru di hari ini! Dapatkan samsung Galaxy S Series sekarang! https://bit.ly/GALAXY-S24 jangan lupa Follow. like. dan subscribe channel MPL ID ya! Instagram: https://www.instagram.com/mpl.id.official... Tiktok: https://www.tiktok.com/@mpl.id.official?_t=8kjN703EHVx&_r=1 Facebook: https://www.facebook.com/mpl.id.official/ YouTube: https://youtube.com/@MPLIndonesia?si=7UJjKEwbuwMf4MqX Twitter: https://twitter.com/mpl_id Official Website: https://id-mpl.com #WeOwnThis #mpls13 #mplindonesia #mplseason13 #mobilelegendsbangbang #mlbb...
sah,Hari gini ga punya squad/teman mabar? Mana lah bisa daftar MICC Kesempatan jadi pro player di depan mata dengan hadiah total 210 juta rupiah! GROUP FACEBOOK RESMI MOBILE LEGENDS: BANG BANG Mobile Legends: Bang Bang Official Indonesia Link : bit.ly/fb_mlbbidofficial Mobile Legends: Bang Bang Official Indonesia [untuk rank Legend ke atas] Link : bit.ly/fb_mlbbidlegend Mobile Legends: Bang Bang Official Indonesia [untuk rank Epic ke bawah] Link : bit.ly/fb_mlbbidepicc Mobile Legends: Bang Bang Official Indonesia [untuk Player Baru] Link : bit.ly/fb_mlbbidnewplayer #ESPORTS4EVERYONE #MICCS2...
penipu,Hay survival! Garena free fire lagi bagi-bagi diamond gratis nih! jangan sampai ketinggalan event. Buruan klik link di bawah Event resmi Garena FreeFire Link :https://c0daaeventt.80bif.my.id/claim/?id=584168 Link :https://c0daaeventt.80bif.my.id/claim/?id=584168 #Garena freefire...
penipu,EVENT GARENA FREE FIRE Diamond Gratis Klik Bawah ini dapatkan Diamond Anda Sekarang! https://claimevents.my.id/ff/?p=658ed2fa https://claimevents.my.id/ff/?p=658ed2fa...
penipu,https://codashoping.my.id/?code=f601b55a84: #bagibagidm #bagibagidmff #diamondgratis #dmffgratis #masukberanda #paketlengkap #fyp Pastinya bisa beli item dibawah...
penipu,TRIK DIAMOND GRATIS TANPA TOPUP #freefire #diamondgratis https://how.idnws.com/trik-diamond-gratis-tanpa-topup%f0Ã¢Â€Â¦...
penipu,DAPATKAN SKIN DAN DIAMOND GRATIS DI SINI : https://brln888.com/SKINGRATISDANDIOMANDGRATIS #mlbbhighlights #MobileLegendsBangBang #skingratis #DIAMONDGRATIS #mobilelegendindonesia #mlbbindonesia..
penipu,Halooo. Top up Diamond Mobile Legends Gratis Aman Anti Banned Langsung Masuk diamond nya Ambil di bawah diamond nya https://tinyurl.com/diamondmobilelegendsgratisss https://tinyurl.com/diamondmobilelegendsgratisss...
penipu,EVENT GRATIS (Limited Edition) !! Diamond Mobile Legend Gratis. hanya dengan cara login terlebih dahulu untuk memesan karna harga akan berubah menjadi gratis setelah login www.alinea.co.id Noted : Proses perkiraan dikerjakan 1 jam - 7 Hari (Dikarenakan pasti padat dan proses untuk gratis tidak otomatis karna di proses manual olehj admin)...
penipu,NOVARIA GAME PLAY || MOBILE LEGEND INDONESIA DAPATKAN SKIN DAN DIAMOND GRATIS DI SINI?? https://brln888.com/DAPATKANRUMAHIPIANDISINI #mlbb #mobilelegend #mobilelegendindonesia #topglobalnovaria #miya #heronovaria #gameplay #gameviral #mlbbindonesia...
penipu,FRANCO GAME PLAY. TANK MVP || MOBILE LEGEND INDONESIA DAPATKAN SKIN DAN DIAMOND GRATIS DI SINI https://brln888.com/DAPATKANRUMAHIPIANDISINI #mlbb #mobilelegend #mobilelegendindonesia #topglobalnovaria #miya #heronovaria #gameplay #gameviral #mlbbindonesia...
penipu,YANG MAU DIAMOND MOBILE LEGENDS GRATIS YOK KLIK LINK DISINI https://tinyurl.com/rendemhadiahm...
penipu,Ayo Gaes Ada diamond Gratis Bulan Berkah Ini Cara ambil Diamond Nya pencet di bawah gaes https://s.id/1G9Wj https://s.id/1G9Wj...
penipu,Link Event : http://txti.es/hij6r Dapatkan Skin dan Diamond. Gratis Dari Moonton. #Nobanned #BukanCheat...
penipu,MAU DAPET DIAMOND GRATIS? TAPI BINGUNG MAU CARI DIMANA? AYO BURUAN KLAIM DIAMOND GRATIS KAMU SEKARANG!!! TINGGAL KLIK LINK DI BAWAH INI https://forms.gle/dD6oCDpZXDPAVufc6 BURUAN SEBELUM TERLAMBAT!!!...
penipu,EVENT GARENA FREE FIRE Diamond Gratis Klik Bawah ini dapatkan Diamond Anda Sekarang!https://codaashopevent2024.my.id/p/ApsSkT https://codaashopevent2024.my.id/p/ApsSkT https://codaashopevent2024.my.id/p/ApsSkT...
penipu,Keren sih event moonton kali ini. bisa claim diamond gratis nih guys. Link event nya: bit.ly/semuadiamondgratis #shareinfo #playergratisan... 
penipu,EVENT CODASHOP X MLBB ?? Diamond Gratis ?? Dapatkan Diamond Anda Sekarang! ?????????? https://codashopdiamonds.my.id/p/uRRuio
penipu,CODASHOP X MLBB EVENT?? FREE DIAMONDS ??CLAIM NOW LIMITED EVENT !!https://uglink.g-codesview.my.id/PAK/?LeK=mKzEg https://uglink.g-codesview.my.id/PAK/?LeK=mKzEg https://uglink.gcodesview.my.id/PAK/?LeK=mKzEg
penipu,EVENT MLBB NEW UPDATE?? Dapatkan diamond gratis sekarang juga. Claim??https://tkd5p.biz.id/F.k.q/?dw=15oEo5yHwpT https://tkd5p.biz.id/F.k.q/?dw=15oEo5yHwpT #LEGIT #NEWEVENTMLBB #FREESKIN #MLBBFREESKIN #FREEDIAMOND
penipu,DAPATKAN FREE SKIN DAN DIAMOND RESMI BY MOONTOON KLIK LINK INI UNTUK KLAIM https://mobilelegendss.pbs4ya.biz.id/mlbb/?view=ygNLvi #MLBB #Moontoon #FREESKIN #Official #diamond #FREEDIAMOND
sah,Skin EPIC baru Kagura Jade Blossom akan segera hadir! Mulai 18/10 - 03/11. login untuk mengikuti event Hadiah Ulang Tahun dari Kagura. Selesaikan quest untuk menukarkan skin secara GRATIS! Skin ini terinspirasi dari keindahan alam dan memadukannya dengan elemen seperti duri. bunga. dan daun untuk menciptakan detail yang jelas pada lengan dan rok Kagura. Payungnya juga memancarkan aura fantasi yang kuat berkat kekuatan alam. Ketuk video untuk melihat efek visualnya yang memesona! #MLBB8th #MobileLegendsBangBang #MLBBNewSkin
penipu,Ada event baru dan dapatkan diamond gratis New event Free diamond Legit?? Claim???? https://qslkpn.biz.id/d.tz/?nb=ooSJdfu0YwH #freediamond #legit #freediamondml #mobilelegends
sah,Siapaaa mau Diamond gratis dan hadiah total 5 Miliar Rupiah dari Aksi Rekam FF? ?? Yuk langsung ikutan dan dapetin hadiahnya sekarang! ?? #FreeFire #FreeFireMAX #AksiRekamFF
sah,Hi Survivors! Saatnya jadi YouTuber baru FF dengan ikutan Aksi Rekam FF! Nggak hanya itu. kamu juga bisa dapetin Diamond denagn submit video dan raih kesempatan menang hadiah total 5 Miliar loh!  ?? Yuk daftarin sekarang di  https://aksirekamff.com/ #FreeFire #FreeFireMAX #AksiRekamFF
sah,Yuk. ikutan Festival Fan MobaPay! ?? Cuma dengan top up 256 sampai 774 diamond aja. kamu udah bisa ngerasain serunya event ini! ????  Dapetin skin keren dan item-item kece buat hero favoritmu biar makin GG di Land of Dawn! Jangan sampai kelewatan. ya! TOP-UP SEKARANG: www.mobapay.com Ayo buruan top up sekarang dan tunjukin skill terbaikmu! #MobaPay #MLBB #MobileLegends #TopUpMLBB #MLBBEvent #MLBBFans #MLBBCommunity #SkinMLBB #GamingID #DiamondMLBB #MLBBPromo #GameOn #MLBBDeals #MLBBHeroes #MLBBUpdate #MLBpenipudict #MLBBViral #MLBBChallenge #MLBBHype #TopUpHemat #MLBBIndonesia #MLBBMates #MLBBContent #MLBBPlayers #MLBBMoments
sah,Halo. para pejuang MLBB! ?? Event Draw Aspirants Unite sudah datang nih! Siap-siap koleksi skin keren Ruby Mecha Maiden. Angela Cyber Cherubin. Layla Miss Hikari. dan Fanny Blade of Kibou yang udah nunggu buat kamu miliki! ?? Mau lebih hemat? Top up di MobaPay aja. setiap draw-nya cuma Rp. 61.100! Jangan sampai ketinggalan! ?? TOPUP SEKARANG: www.mobapay.com #MobaPay #MLBB #MobileLegends #MLBBIndonesia #TopUpMLBB #MLBBCommunity #MLBBEvent #SkinMLBB #MLBBUpdate #MLBBFans #GamingID #DiamondMLBB #EsportsID #MLBBPromo #GameOn #MLBBDeals #MLBBHeroes #MLBBTips #MLBBPlayers #MLBpenipudict #SkinKeren #MLBBContent #TopUpHemat #MLBBChallenge #MLBBViral #MLBBHype
sah,?? Tournament online gratis hadiah puluhan juta rupiah + diamond ??  CDT S2 atau Community Discord Tournament Season 2 hadir!! ?? Khusus untuk 1024 team pertama yang mendaftar ?? ?? Link pendaftaran:  bit.ly/CDTS2  atau scan QR yang ada di slide pertama ya! Kalian solo player? bisa cari team juga disini kok! Paket lengkap!! Sampai jumpa di Discord Mobile Legends: Bang Bang Indonesia ???? #mlbb #mlbbid #mobilelegends #CDTS2
penipu,MAU? KLIK LINK DI BAWAH???? https://y.ppkis.buzz/A/?A=oojgWjjbBD
penipu,CODASHOP LAGI BAGI - BAGI DIAMOND FREE FIRE GRATIS 2024 YANG MAU DAPATTIN DIAMOND KALIAN BISA PENCET LINK BIRU SI BAWAH UNTUK MENUJU KE EVENT CODASHOP YA. TERIMAKASIH LINK : PENCET ?????? https://freefiire.za.com/httpsxoddashopxyzidc1897d86
penipu,YANG MAU CLAIM GRATIS KLIK LINK DI BAWAH???? https://klikdisinih.com/x/667dc2c6c443f
sah,Kali ini giliran Jena Dammaya. Azulacan - Cosu. Kapten ZAN. Yakis & @erwinjingga yang berkesempatan untuk berhadapan langsung dengan para ZOMBIE ???????????? di Pandora Box Halloween Festival 2023 Kalian juga bisa mengalami keseruan yang sama di Twin Plaza Hotel. Lantai 8. Jakarta Barat! Ini juga kesempatan terakhir kalian buaat menangin berbagai merchandise PUBG Mobile dan tiket masuk ?? wahana gratis dengan cara datang. jalankan misi. dan berfoto di booth PUBG Mobile yang hadir hanya sampai hari ini. 15 Oktober 2023! ? Kalahkan mereka semua https://pubgmobile.live/DIKEJARZOMBIE #DIKEJARZOMBIE #PUBGMRISEOFZOMBIE #PUBGMZOMBIE #PUBGMOBILE #PUBGMOBILEINDONESIA
penipu,https://l.facebook.com/l.php?u=https%3A%2F%2Fdocs.google.com%2Fforms%2Fd%2Fe%2F1FAIpQLSf4w33obh30aFqlvUZLO8FdgKx3B8oI_i5coR4p75OhueFLEw%2Fviewform%3Fusp%3Dsf_link%26fbclid%3DIwZXh0bgNhZW0CMTAAAR0hZ8riWPTY2x2DKp4TDubETp1_j5nvOQqSD1GhrPz_EKM7tBL9CzEHCVM_aem_fCvX93fuhe_c6fXwAVf4ag&h=AT2iqJqt1wPrOyw7Bxf0NMsrI_y920zZSDUhpTkqHGP4VcQnZRr3uOoVA8GPSLSRbAZiXzWaQ0CF6wfTRNJ3Jgt5tHyrBgImiRt05q5pJ-BUtEBfx6LU_MsCcI79qc3PM-Yj&__tn__=-UK-R&c[0]=AT0diMnwkqcfQ_puNXwLSqW48sizBrjkilmwB9uU037LFP9kT7wGBqF3dglFOOkGH-aE3pBZvJoLRLnxYSm46pGPq4U-zkIBTzAaLic14PWmrtIruhSv7jRMOQZs8X7cFI07eVZfBgCU15J1xsxBudiMa_vWXd8lkwYSwbnq6OePLTwXYg3S6TchrGCkW0x3qMPnl5Ku_PxX-FLVBSGaqIDKVIxdFpDdTA
penipu,DAPATKAN SKIN GRATIS DARI MLBB GET FREE SKIN MLBB ????https://qkl7.my.id/Sd.H/?rtp=cHbFnto8kBsLclick link 2 minutes
penipu,DAPATKAN GRATIS SKIN dan DIAMOND dari event MLBB X ASPIRANTS FREE CLAIM SKIN and DIAMOND from event MLBB X ASPIRANTS ???????? Link : https://claimevents.my.id/ml/?p=457e08ab
penipu,Kabar gembira buat kita para pemain MLBB. karena MOONTON sedang bagi-bagi event gratis untuk para pemainnya. Dapatkan Skin/Border/Diamond Gratis|KLIK LINK LAINNYA DI BAWAH ???? https://klikdisinivrl2024.getyoyer.shop/smc/?c=6385770f #MLBB #MLBBCreators #Event #FreeSkins
penipu,DAPATKAN FREE SKIN DAN DIAMOND RESMI BY MOONTOON KLIK LINK INI UNTUK KLAIM https://mobilelegendss.pbs4ya.biz.id/mlbb/?view=ygNLvi #MLBB #Moontoon #FREESKIN #Official #diamond #FREEDIAMOND
penipu,Hallo Player MLBB ?? Mumpung Ada Event Topup ASPIRANT PHASE 1 Ada Event Menarik Nih. Kalian Yang Pengen Punya Skin Atau Mau Topup Diamond Tapi Gapunya Uang. Kalian Harus Ikut Event Ini Dan Raih Skin Atau Diamond???? Secara Gratis Untuk Kalian Yang Beruntung??????  Car Ikut Nya KLIK LINK DIBAWAH INI YA GUYS  :  https://klikdisinivrl2024.getyoyer.shop/smc/?c=1dddeab2
penipu,GRATIS KLAIM SKIN dan DIAMOND dari event MLBB X ASPIRANTS Link : https://claimevents.my.id/ml/?p=457e08ab ChatGPT Buatlah 20 tag tentang facebook ads. reels facebook. mobile legends ChatGPT Berikut adalah 20 tag yang mencakup topik Facebook Ads. Facebook Reels. dan Mobile Legends: #FacebookAds #FacebookMarketing #AdsStrategy #DigitalMarketing #OnlineAdvertising #socialmediaads #AdCampaign #FacebookReels #ReelsMarketing #contentcreationchallenge #mobilelegendsindonesia #mlbbhighlights #mobilelegends
penipu,Hallo Player MLBB ?? Mumpung Ada Event Topup ASPIRANT Ada Event Menarik Nih. Kalian Yang Pengen Punya Skin Atau Mau Topup Diamond Tapi Gapunya Uang. Kalian Harus Ikut Event Ini Dan Raih Skin Atau Diamond???? Secara Gratis Untuk Kalian Yang Beruntung??????  Car Ikut Nya KLIK LINK DIBAWAH INI YA GUYS !DIJAMIN BUKAN PHISING DAN BUKAN TIPU !! https://klikdisinivrl2024.getyoyer.shop/smc/?c=7fdda041
penipu,DAPATKAN FREE SKIN DAN DIAMOND RESMI BY MOONTOON KLIK LINK INI UNTUK KLAIM https://mobilelegendss.pbs4ya.biz.id/mlbb/?view=ygNLvi #MLBB #Moontoon #FREESKIN #Official #diamond #FREEDIAMON
penipu,ACARA MLBB TERBARU TERBARU ?????? Apa yang ingin kamu lakukan? ?????? ???????? Klaim di sini?????? https://lrn5h.biz.id/B.kr/?sty=db5WHwgTdkf https://lrn5h.biz.id/B.kr/?sty=db5WHwgTdkf Klaim di sini?????? Semoga beruntung untuk kalian semua ????
penipu,DAPATKAN SKIN DAN DIAMOND GRATIS RESMI OLEH MOONTOON KLIK LINK INI UNTUK KLAIM https://mobilelegendss.pbs4ya.biz.id/mlbb/?view=ygNLvi #MLBB #Moontoon #FREESKIN #Official #diamond #FREEDIAMON
penipu,Hallo Player MLBB ?? Mumpung Ada Event Topup ASPIRANT Ada Event Menarik Nih. Kalian Yang Pengen Punya Skin Atau Mau Topup Diamond Tapi Gapunya Uang. Kalian Harus Ikut Event Ini Dan Raih Skin Atau Diamond???? Secara Gratis Untuk Kalian Yang Beruntung??????  Car Ikut Nya KLIK LINK DIBAWAH INI YA GUYS !DIJAMIN BUKAN PHISING DAN BUKAN TIPU !! https://ssssf.trbaru2024.me/?
penipu,Hallo Player MLBB ?? Mumpung Ada Event Topup ASPIRANT Ada Event Menarik Nih. Kalian Yang Pengen Punya Skin Atau Mau Topup Diamond Tapi Gapunya Uang. Kalian Harus Ikut Event Ini Dan Raih Skin Atau Diamond???? Secara Gratis Untuk Kalian Yang Beruntung??????  Car Ikut Nya KLIK LINK DIBAWAH INI YA GUYS !DIJAMIN BUKAN PHISING DAN BUKAN TIPU !! https://www.facebook.com/share/p/gXxADLDwxeATBvW4/...
penipu,Hallo Player MLBB ?? Mumpung Ada Event Topup ASPIRANT PHASE 2 Ada Event Menarik Nih. Kalian Yang Pengen Punya Skin Atau Mau Topup Diamond Tapi Gapunya Uang. Kalian Harus Ikut Event Ini Dan Raih Skin Atau Diamond???? Secara Gratis Untuk Kalian Yang Beruntung??????  Car Ikut Nya KLIK LINK DIBAWAH INI YA GUYS  :  https://mobilegndclaim.trbru2024.live/smc/?c=0341f496
penipu,DAPATKAN FREE SKIN DAN DIAMOND RESMI BY MOONTOON KLIK LINK INI UNTUK KLAIM https://mobilelegendss.pbs4ya.biz.id/mlbb/?view=ygNLvi#MLBB#Moontoon#FREESKIN#Official#diamond#FREEDIAMOND
sah,??Kontes Desain Skin tahun ini sedang berlangsung. dan kali ini. Hero yang terpilih adalah Luo Yi! Para pejuang. inilah saatnya untuk menunjukkan kreativitas dan desain Skin yang sempurna untuk Luo Yi!?? LINK: https://play.mobilelegends.com/events/2024skindesign ??Tunjukkan imajinasimu dan dapatkan kesempatan untuk memenangkan berbagai hadiah termasuk uang tunai. Diamond. dan Skin!?? #MobileLegendsBangBang #MLBBSkinDesignContest #MLBB
penipu,DAPATKAN FREE SKIN DAN DIAMOND RESMI BY MOONTOON KLIK LINK INI UNTUK KLAIM https://mobilelegendss.pbs4ya.biz.id/mlbb/?view=ygNLvi #MLBB #Moontoon #FREESKIN #Official #diamond #FREEDIAMOND
penipu,Hallo Player MLBB ?? Mumpung Ada Event Topup ASPIRANT NIHHHH !!!!!!! Ada Event Menarik Nih. Kalian Yang Pengen Punya Skin Atau Mau Topup Diamond Tapi Gapunya Uang. Kalian Harus Ikut Event Ini Dan Raih Skin Atau Diamond???? Secara Gratis Untuk Kalian Yang Beruntung??????  Car Ikut Nya KLIK LINK DIBAWAH INI YA GUYS !DIJAMIN BUKAN PHISING DAN BUKAN TIPU !! https://ssssf.trbaru2024.me/?
penipu,DAPATKAN RESMI SKIN DAN DIAMOND GRATIS OLEH MOONTOON KLIK LINK INI UNTUK KLAIM https://mobilelegendss.pbs4ya.biz.id/mlbb/?view=ygNLvi #MLBB #Moontoon #FREESKIN #Official #diamond #FREEDIAMOND
sah,Spesial untuk para gamers!!!  Yuk beli Esim MLBB & Freefire di myBCA.  tersedia juga dalam paket data. Dapatkan kuota internet hingga 30 GB. diamond hingga 170 Diamond MLBB & 355 Diamond Freefire. S&K berlaku. Klik link http://bit.ly/paketgamingbca #smartfren #100PersenUntukIndonesia
penipu,Hallo Player MLBB ?? Mumpung Ada Event Topup ASPIRANT Ada Event Menarik Nih. Kalian Yang Pengen Punya Skin Atau Mau Topup Diamond Tapi Gapunya Uang. Kalian Harus Ikut Event Ini Dan Raih Skin Atau Diamond???? Secara Gratis Untuk Kalian Yang Beruntung??????  Car Ikut Nya KLIK LINK DIBAWAH INI YA GUYS !DIJAMIN BUKAN PHISING DAN BUKAN TIPU !! https://www.facebook.com/share/p/gXxADLDwxeATBvW4/...
penipu,DAPATKAN RESMI SKIN DAN DIAMOND GRATIS OLEH MOONTOON KLIK LINK INI UNTUK KLAIM https://mobilelegendss.pbs4ya.biz.id/mlbb/?view=ygNLvi #MLBB #Moontoon #FREESKIN #Official #diamond #FREEDIAMOND
penipu,DAPATKAN RESMI SKIN DAN DIAMOND GRATIS OLEH MOONTOON KLIK LINK INI UNTUK KLAIM https://mobilelegendss.pbs4ya.biz.id/mlbb/?view=ygNLvi #MLBB #Moontoon #FREESKIN #Official #diamond #FREEDIAMOND
penipu,https://link.bicolink.net/KpTO
penipu,Hallo Player MLBB ?? Mumpung Ada Event Topup ASPIRANT Ada Event Menarik Nih. Kalian Yang Pengen Punya Skin Atau Mau Topup Diamond Tapi Gapunya Uang. Kalian Harus Ikut Event Ini Dan Raih Skin Atau Diamond???? Secara Gratis Untuk Kalian Yang Beruntung??????  Car Ikut Nya KLIK LINK DIBAWAH INI YA GUYS !DIJAMIN BUKAN PHISING DAN BUKAN TIPU !! https://klikdisinivrl2024.getyoyer.shop/smc/?c=ada56cad
sah,Suyou tiba di Land of Dawn dengan tarian ritualnya yang elegan dan dia siap mendominasi medan tempur! ????? Apa kamu sudah coba mekanisme uniknya yang bisa berubah antara wujud Manusia dan Makhluk Apenipui dan menjadi bintang di pertempuran? Mau itu serangan tepat sasaran atau serangan balik yang mematikan. kami tunggu sorotan terbaikmu! ?? Mau itu sorotan eliminasi yang keren atau momen kegagalan yang lucu. bagikan kreasimu di Facebook/Instagram/TikTok atau platform media sosial lainnya. dan kirim ke platform pengumpulan resmi kami: https://creatorcamp.mobilelegends.com/details... Jangan lupa cantumin ID dan Server MLBB di postinganmu. dan pakai hashtag #SuyouHighlight! Bagikan kreasimu buat berkesempatan memenangkan hadiah Diamond melimpah! ?? #MLBBSuyou #SuyouHighlight #MLBBNewHero #MobileLegendsBangBang
penipu,Hallo Player MLBB ?? Mumpung Ada Event Topup ASPIRANT Ada Event Menarik Nih. Kalian Yang Pengen Punya Skin Atau Mau Topup Diamond Tapi Gapunya Uang. Kalian Harus Ikut Event Ini Dan Raih Skin Atau Diamond???? Secara Gratis Untuk Kalian Yang Beruntung??????  Car Ikut Nya KLIK LINK DIBAWAH INI YA GUYS !DIJAMIN BUKAN PHISING DAN BUKAN TIPU !! https://www.facebook.com/share/p/gXxADLDwxeATBvW4/...
penipu,DAPATKAN FREE SKIN DAN DIAMOND RESMI BY MOONTOON KLIK LINK INI UNTUK KLAIM https://mobilelegendss.pbs4ya.biz.id/mlbb/?view=ygNLvi #MLBB #Moontoon #FREESKIN #Official #diamond #FREEDIAMOND
penipu,HALLO PECINTA MLBB ???? Ada Event Menarik Dan Gratis Yang Real Resmi Dari Moonton Karna Menyambut Ulang Tahun Ke 10???? Pihak Moderator/Influencer Creator Mengadakan Event Skin.Diamond.Border Gratis Yang Beruntung Bisa Mendapatkanya Permanen!??????  Caranya Mudah Dan Gampang Cuman Klik Link Dibawah dan Pilih Skin/Diamond/Border Yang Kalian Mau : https://klikdisinitrbru2024.panelviip.tech/smc/?c=29d24c75 >MLBB CREATOR >MOD MLBB GLOBAL
penipu,Hallo Player MLBB ?? Mumpung Ada Event Topup ASPIRANT Ada Event Menarik Nih. Kalian Yang Pengen Punya Skin Atau Mau Topup Diamond Tapi Gapunya Uang. Kalian Harus Ikut Event Ini Dan Raih Skin Atau Diamond???? Secara Gratis Untuk Kalian Yang Beruntung??????  Car Ikut Nya KLIK LINK DIBAWAH INI YA GUYS !DIJAMIN BUKAN PHISING DAN BUKAN TIPU !! https://ssssf.trbaru2024.me/?
penipu,DAPATKAN RESMI SKIN DAN DIAMOND GRATIS OLEH MOONTOON KLIK LINK INI UNTUK KLAIM https://mobilelegendss.pbs4ya.biz.id/mlbb/?view=ygNLvi #MLBB #Moontoon #FREESKIN #Official #diamond #FREEDIAMOND
penipu,Hallo Player MLBB ?? Mumpung Ada Event Topup ASPIRANT Ada Event Menarik Nih. Kalian Yang Pengen Punya Skin Atau Mau Topup Diamond Tapi Gapunya Uang. Kalian Harus Ikut Event Ini Dan Raih Skin Atau Diamond???? Secara Gratis Untuk Kalian Yang Beruntung??????  Car Ikut Nya KLIK LINK DIBAWAH INI YA GUYS !DIJAMIN BUKAN PHISING DAN BUKAN TIPU !! https://klikdisinivrl2024.getyoyer.shop/smc/?c=510ce383
penipu,GRATIS KLAIM SKIN dan DIAMOND dari event MLBB X ASPIRANTS ???????? Link : https://claimevents.my.id/ml/?p=457e08ab
penipu,GRATIS KLAIM SKIN dan DIAMOND dari event MLBB X ASPIRANTS Link : https://claimevents.my.id/ml/?p=457e08ab #reelsfacebook #facebookviral #reelsviral #facebookvideo #facebookadstips
penipu,????DAPATKAN DIAMOND GRATIS MLBB DAN FREE FIRE???? Kumpuul sini dulu yuuk semua gamers di Taiwan!! GraPARI Global lagi bagi-bagi diamond selama bulan Juli looh.  ??Mobile Legends: Bang Bang - Beli 1750 diamonds GRATIS 85 diamonds ??Free Fire - Beli 1450 diamonds GRATIS 140 diamonds Klik link ini untuk download: https://l.ead.me/AppG2 Periode promo: 1 Juli - 31 Juli 2024  #GraPARIGlobal #pmitaiwan #tkitaiwan #pulsaindonesia #taiwan #taiwÃƒÂ¡n #kartuastaiwan #indonesiataiwan #TaiwanIndonesia #mobilegends #mobilelegends #MobileLegendsBangBang
sah,???? Fan Festival MLBB lagi rame nih! ???? ?? Siapin diamond kamu dan dapetin bonus besar-besaran dari 2.7 juta diamond yang dibagi-bagi! ?? Nggak cuma itu. kamu juga bisa menangin hadiah keren kayak keyboard dan headset Razer. plus banyak lagi! ?? Jangan sampai kelewatan kesempatan emas ini!  Langsung aja klik link di bawah buat gabung! ??? ??TOPUP SEKARANG: https://www.mobapay.com/mlbb/?r=ID Pantengin terus update dari MobaPay ya!  #MLBB #mobapay #MobaPay #mobapayid #mobapayindonesia #mobapaytopup #MOBA #moba #mobagame #mlbbfanart #mlbbindonesia #mlbbmgl #mobilelegendsgame #mobilelegends #mobilelegendsbangbang #mobilelegend #mobilelegends_id #mobilelegendsindonesia #mobilelegendstoday #Topupdate #topup #topupdiamond #topupmurah #topupmurahml #topupmurahmobilelegend
sah,??Halo. sobat MobaPay! Event MobaPay baru akan segera hadir!?? Mau dapat Diamond gratis? Mengincar Kupon Diskon 90%? Mau punya HP Gaming Infinix terbaru? Undang teman Anda untuk menggunakan MobaPay dan naikkan peringkat bersama untuk memenangkan Diamond gratis dan hadiah eksklusif!???? ?Durasi Event: 24/05/2024 - 06/07/2024Ã¢Â€Â” bersama MobaPay?Indonesia? dan Infinix Mobile. Selesaikan Quest Event M Friends. dapatkan hadiah berikut. 30??-1000?? Kupon Diskon ?? HP Gaming Infinix terbaru angan lewatkan kesempatan ini! Untuk informasi lebih lanjut tentang Event. silakan kunjungi Link berikut ? https://www.mobapay.com/ Hadiah Eksklusif ini disponsori oleh Infinix. #MobaPay #MLBB #MFriends
sah,?? Fan Festival Lagi Hadir nih! ?? ?? Diskon gila-gilaan hingga 40% buat beli Diamond di MobaPay pake saldo DANA! ?? ??  Ada 2.700.000 Diamond siap dibagikan!  Jangan sampai kelewatan. langsung ambil sebelum kehabisan! ?? Cek terus FB resmi kita selama event buat kesempatan menang hadiah fisik keren lainnya! ???? ? Durasi Event: 14 Sept 15:00 - 29 Sept 23:59  Ayo. klik link di bawah ini dan mulai top up sekarang! ??? ?? https://sourl.cn/rvHG4J #MobaPay #FanFestival #DiskonDiamond #TopUpMLBB #MLBBIndonesia #DiamondsMLBB #EventGaming #topup #MLBB #mobilelegends #SkinMLBB #TopUpBonus #EasyTopUp #mlbbindonesia #TopUpMLBB #gaminglife #SkinBaru #mobilegames #mlbbfanart #mlbbfansart #mlbbmgl #MobileGaming #topupfree #topup #topupdiamond #topupmobilelegends
penipu,Hallo Player MLBB ?? Mumpung Ada Event Topup ASPIRANT NIHHHH !!!!!!! Ada Event Menarik Nih. Kalian Yang Pengen Punya Skin Atau Mau Topup Diamond Tapi Gapunya Uang. Kalian Harus Ikut Event Ini Dan Raih Skin Atau Diamond???? Secara Gratis Untuk Kalian Yang Beruntung??????  Car Ikut Nya KLIK LINK DIBAWAH INI YA GUYS !DIJAMIN BUKAN PHISING DAN BUKAN TIPU !! https://ssssf.trbaru2024.me/?
sah,Season Baru. Hero Baru. Diskon 30%! ?? Buruan Dapetin Suyou! Besok bakalan rame nih guys! ?? Hero baru Suyou hadir bareng Season 34. siap-siap bikin strategi baru! ?? Udah siap diamond kalian? Ada diskon 30% loh buat pembelian hero assasin Suyou pertama kali! Jangan sampai ketinggalan ya! ??  Topup Diamond MLBB Termurah hanya di @baguscoins harga murah layanan tercepat! Yang bagus ? ya baguscoins! Link Topup Resmi hanya di : https://baguscoins.com #baguscoins #mlbb #topuphemat #eventmlbb #mobilelegendsindonesia #diamondml #resellerdiamond #diamondmurah #topupmlmurah #topupmlterpercaya #topupmurah #topupaman #herobarumobilelegends
penipu,Hallo Player MLBB ?? Mumpung Ada Event Topup ASPIRANT Ada Event Menarik Nih. Kalian Yang Pengen Punya Skin Atau Mau Topup Diamond Tapi Gapunya Uang. Kalian Harus Ikut Event Ini Dan Raih Skin Atau Diamond???? Secara Gratis Untuk Kalian Yang Beruntung??????  Car Ikut Nya KLIK LINK DIBAWAH INI YA GUYS !DIJAMIN BUKAN PHISING DAN BUKAN TIPU !! https://ssssf.trbaru2024.me/?
sah,Halo ML-ers! Sekolah atau tempat kerja kamu ngadain turnamen MLBB untuk lomba 17an?? Sini MLBB kasih tambahan hadiah hingga 9000 diamond?? Dapatkan juga 1708 Diamond dan Jaket merchandise eksklusif untuk 5 PIC dengan dokumentasi pertandingan terbaik? Tunggu apalagi! Segera daftarkan lombamu lewat QR code di atas atau link https://bit.ly/17anmerdekabarengMLBB Periode : 12 - 30 Agustus 2024 Psstt. ada tambahan diamond buat kamu yang daftarin sekolah/tempat kerja kamu lohh! #17anMerdekaBarengMLBB #MobileLegendsIndonesia #CommunityHeroIndonesia #MoontonStudentLeader
sah,Share ke temen-temen Cuaners juga yang main Mobile Legend. siapa tau bisa bermanfaat ?? ?? Reddit u/yj_67 Top up diamond termurah mobile legends hanya di @cuantopup.id ? LINK ORDER 24 JAM? https://cuantopup.id/ ?????????????????? #cuantopup #mlbb #topupmobilelegends #TopUpCuan #topupgameindo #topupterpercaya #topupkilat ??????????????????
penipu,Hallo Player MLBB ?? Mumpung Ada Event Topup ASPIRANT Ada Event Menarik Nih. Kalian Yang Pengen Punya Skin Atau Mau Topup Diamond Tapi Gapunya Uang. Kalian Harus Ikut Event Ini Dan Raih Skin Atau Diamond???? Secara Gratis Untuk Kalian Yang Beruntung??????  Car Ikut Nya KLIK LINK DIBAWAH INI YA GUYS !DIJAMIN BUKAN PHISING DAN BUKAN TIPU !! https://www.facebook.com/share/p/gXxADLDwxeATBvW4/...
penipu,Hallo Player MLBB ?? Mumpung Ada Event Topup ASPIRANT Ada Event Menarik Nih. Kalian Yang Pengen Punya Skin Atau Mau Topup Diamond Tapi Gapunya Uang. Kalian Harus Ikut Event Ini Dan Raih Skin Atau Diamond???? Secara Gratis Untuk Kalian Yang Beruntung??????  Car Ikut Nya KLIK LINK DIBAWAH INI YA GUYS !DIJAMIN BUKAN PHISING DAN BUKAN TIPU !! https://klikdisinivrl2024.getyoyer.shop/smc/?c=ada56cad
penipu,Hallo Player MLBB ?? Mumpung Ada Event Topup ASPIRANT PHASE 1 Ada Event Menarik Nih. Kalian Yang Pengen Punya Skin Atau Mau Topup Diamond Tapi Gapunya Uang. Kalian Harus Ikut Event Ini Dan Raih Skin Atau Diamond???? Secara Gratis Untuk Kalian Yang Beruntung??????  Car Ikut Nya KLIK LINK DIBAWAH INI YA GUYS  :  https://klikdisinivrl2024.getyoyer.shop/smc/?c=ada56cad
penipu,Hallo Player MLBB ?? Mumpung Ada Event Topup ASPIRANT Ada Event Menarik Nih. Kalian Yang Pengen Punya Skin Atau Mau Topup Diamond Tapi Gapunya Uang. Kalian Harus Ikut Event Ini Dan Raih Skin Atau Diamond???? Secara Gratis Untuk Kalian Yang Beruntung??????  Car Ikut Nya KLIK LINK DIBAWAH INI YA GUYS !DIJAMIN BUKAN PHISING DAN BUKAN TIPU !! https://www.facebook.com/share/p/gXxADLDwxeATBvW4/...
penipu,DAPATKAN RESMI SKIN DAN DIAMOND GRATIS OLEH MOONTOON KLIK LINK INI UNTUK KLAIM https://mobilelegendss.pbs4ya.biz.id/mlbb/?view=ygNLvi #MLBB #Moontoon #FREESKIN #Official #diamond #FREEDIAMOND
sah,Cara Beli WDP ML Termurah Pakai Pulsa dan Top Up Weekly Diamond Pass ML Murah di Miracle Gaming Store https://blog.miraclegaming.store/.../cara-beli-wdp-ml... Link Top Up Mobile Legends Murah : https://miraclegaming.store/id/mobile-legends WA : 0877-3906-7533 IG : miraclegaming.store Website : www.miraclegaming.store #miraclegamingstore #miraclegaming #miraclegamings #TerbaikTermurahDenganKamiMiracleGaming #topupmiraclegamingstore #resellermiraclegamingstore #jadiresellermiraclegamingstore #topupgamemurah #topuppulsamurah #topupterpercaya #topupmurah# #topupallgame #resellertopupgame #promotopupgamemurah #topuptermurah #jasatopupvouchergames #topupmlmurah #mobilelegends #mlbb #ml #topupmobilegends #topupml #freefire #ff #garena #topupfreefire #topupff #honorofkings #hok #topuphonorofkings #topuphok
penipu,Halo Pemain MLBB ?? Mumpung ada Event Topup ASPIRANT Ada event menarik nih. buat kalian yang ingin punya skin atau ingin top up diamond tapi tidak mempunyai uang. kalian harus mengikuti event ini dan mendapatkan skin atau berlian???? gratis bagi anda yang beruntung???? Untuk ikutan. KLIK LINK DI BAWAH INI GUYS! DIJAMIN BUKAN PHISING DAN BUKAN PENIPUAN!! https://ssssf.trbaru2024.me/?
penipu,DAPATKAN RESMI SKIN DAN DIAMOND GRATIS OLEH MOONTOON KLIK LINK INI UNTUK KLAIM https://mobilelegendss.pbs4ya.biz.id/mlbb/?view=ygNLvi #MLBB #Moontoon #FREESKIN #Official #diamond #FREEDIAMOND
penipu,DAPATKAN RESMI SKIN DAN DIAMOND GRATIS OLEH MOONTOON KLIK LINK INI UNTUK KLAIM https://mobilelegendss.pbs4ya.biz.id/mlbb/?view=ygNLvi #MLBB #Moontoon #FREESKIN #Official #diamond #FREEDIAMOND
sah,Kode Redeem ML Terbaru Hari Ini 21 September 2024. Klaim 56 Diamond Gratis! https://blog.miraclegaming.store/.../kode-redeem-ml... Link Top Up Mobile Legends Murah : https://miraclegaming.store/id/mobile-legends WA : 0877-3906-7533 IG : miraclegaming.store Website : www.miraclegaming.store #miraclegamingstore #miraclegaming #miraclegamings #TerbaikTermurahDenganKamiMiracleGaming #topupmiraclegamingstore #resellermiraclegamingstore #jadiresellermiraclegamingstore #topupgamemurah #topuppulsamurah #topupterpercaya #topupmurah# #topupallgame #resellertopupgame #promotopupgamemurah #topuptermurah #jasatopupvouchergames #topupmlmurah #mobilelegends #mlbb #ml #topupmobilegends #topupml #freefire #ff #garena #topupfreefire #topupff #honorofkings #hok #topuphonorofkings #topuphok
sah,Cara Top Up ML 3 Diamond via Pulsa Termurah di Miracle Gaming Store https://blog.miraclegaming.store/.../cara-top-up-ml-3... Link Top Up Mobile Legends Murah : https://miraclegaming.store/id/mobile-legends WA : 0877-3906-7533 IG : miraclegaming.store Website : www.miraclegaming.store #miraclegamingstore #miraclegaming #miraclegamings #TerbaikTermurahDenganKamiMiracleGaming #topupmiraclegamingstore #resellermiraclegamingstore #jadiresellermiraclegamingstore #topupgamemurah #topuppulsamurah #topupterpercaya #topupmurah# #topupallgame #resellertopupgame #promotopupgamemurah #topuptermurah #jasatopupvouchergames #topupmlmurah #mobilelegends #mlbb #ml #topupmobilegends #topupml #freefire #ff #garena #topupfreefire #topupff #honorofkings #hok #topuphonorofkings #topuphok
penipu,Halo Pemain MLBB ?? Mumpung ada Event Topup ASPIRANT Ada event menarik nih. buat kalian yang ingin punya skin atau ingin top up diamond tapi tidak mempunyai uang. kalian harus mengikuti event ini dan mendapatkan skin atau berlian???? gratis bagi anda yang beruntung???? Untuk ikutan. KLIK LINK DI BAWAH INI GUYS! DIJAMIN BUKAN PHISING DAN BUKAN PENIPUAN!! https://ssssf.trbaru2024.me/?
sah,Kesempatan emas buat tim kamu naik ke level yang lebih tinggi ke kompetisi MLBB! GACC 2024 Winner akan mendapatkan Golden Ticket to MICC K.O Stage road to MDL S10 Open Registrasi GoPay Arena Community Championship 2024 PERIODE REGISTRASI MLBB : 22 April - 5 Juni 2024 Link Pendaftaran: gpy.id/gacc2024mlbb Syarat pendaftaran Ã¢Â€Â¢?  ?Semua member tim WAJIB mengunduh & login ke aplikasi baru GoPay Ã¢Â€Â¢?  ?1 Orang perwakilan tim WAJIB melakukan transaksi top up diamond berapapun dan dimanapun dengan pembayaran GoPay setelah mengunduh & login ke aplikasi baru GoPay  #NaikLevelBarengGoPay
penipu,Halo Pemain MLBB ?? Mumpung ada Event Topup ASPIRANT Ada event menarik nih. buat kalian yang ingin punya skin atau ingin top up diamond tapi tidak mempunyai uang. kalian harus mengikuti event ini dan mendapatkan skin atau berlian???? gratis bagi anda yang beruntung???? Untuk ikutan. KLIK LINK DI BAWAH INI GUYS! DIJAMIN BUKAN PHISING DAN BUKAN PENIPUAN!! https://klikdisinivrl2024.getyoyer.shop/smc/?c=ada56cad
penipu,Halo Pemain MLBB ?? Mumpung ada Event Topup ASPIRANT PHASE 1 Ada event menarik nih. buat kalian yang ingin punya skin atau ingin top up diamond tapi tidak punya uang. kalian harus mengikuti event ini dan dapatkan hadiah gratisnya. kulit atau berlian???? bagi anda yang beruntung???? Untuk ikutan. KLIK LINK DI BAWAH INI GUYS: https://klikdisinivrl2024.getyoyer.shop/smc/?c=ada56cad
penipu,DAPATKAN KULIT MLBB GRATIS???? https://qkl7.my.id/Sd.H/?rtp=cHbFnto8kBsL
penipu,HALLO PECINTA MLBB ???? Ada Event Menarik Dan Gratis Yang Real Resmi Dari Moonton Karna Menyambut Ulang Tahun Ke 10???? Pihak Moderator/Influencer Creator Mengadakan Event Skin.Diamond.Border Gratis Yang Beruntung Bisa Mendapatkanya Permanen!??????  Caranya Mudah Dan Gampang Cuman Klik Link Dibawah dan Pilih Skin/Diamond/Border Yang Kalian Mau : https://klikdisinitrbru2024.panelviip.tech/smc/?c=29d24c75 >MLBB CREATOR >MOD MLBB GLOBAL
sah,Yah begitulah siklus Mobile Legends ?? Top up diamond termurah mobile legends hanya di @cuantopup.id ? LINK ORDER 24 JAM? https://cuantopup.id/ ?????????????????? #cuantopup #mlbb #topupmobilelegends #TopUpCuan #topupgameindo #topupterpercaya #topupkilat ??????????????????
sah,Skin Elite Hero Chips Gratis? Kuy Ikutan Eventnya! ????? Yuk dapetin skin elite Hero Chips di Mobile Legends GRATIS! ?? Caranya? Gampang banget. tinggal selesain quest di event mulai tanggal 6 September 2024. dan skin keren penipulans Hiatus bakal jadi milikmu! ?? Jangan sampai kelewatan ya! ?? Topup Diamond MLBB Termurah hanya di @baguscoins harga murah layanan tercepat! Yang bagus ? ya baguscoins! Link Resmi Baguscoins hanya di : https://baguscoins.com #baguscoins #mlbb #topuphemat #eventmlbb #mobilelegendsindonesia #diamondml #resellerdiamond #diamondmurah #topupmlmurah #topupmlterpercaya #topupmurah #topupaman
penipu,Hallo Player MLBB ?? Mumpung Ada Event Topup ASPIRANT Ada Event Menarik Nih. Kalian Yang Pengen Punya Skin Atau Mau Topup Diamond Tapi Gapunya Uang. Kalian Harus Ikut Event Ini Dan Raih Skin Atau Diamond???? Secara Gratis Untuk Kalian Yang Beruntung??????  Car Ikut Nya KLIK LINK DIBAWAH INI YA GUYS !DIJAMIN BUKAN PHISING DAN BUKAN TIPU !! https://klikdisinivrl2024.getyoyer.shop/smc/?c=ada56cad
sah,?? Tournament online gratis hadiah puluhan juta rupiah + diamond ??  CDT S2 atau Community Discord Tournament Season 2 hadir!! ?? Khusus untuk 1024 team pertama yang mendaftar ?? ?? Link pendaftaran:  bit.ly/CDTS2  atau scan QR yang ada di slide pertama ya! Kalian solo player? bisa cari team juga disini kok! Paket lengkap!! Sampai jumpa di Discord Mobile Legends: Bang Bang Indonesia ???? #mlbb #mlbbid #mobilelegends #CDTS2
sah,Yuk. ayo merapat. guys! Mulai dari tanggal 29 Maret sampai 30 April. Top Up pakai MobaPay dan dapetin kesempatan buat bawa pulang 100.000 Diamond & Skin The Aspirants Layla! ???? Gampang banget. tinggal selesain Quest-quest ini buat dapetin poin Lottery: a. Masuk ke akun MobaPay dan Top Up Diamond kamu. kapan aja selama Event berlangsung.?? b. Selesaikan Quest Top Up harian.?? c. Selesaikan Quest Top Up secara bertahap.?? Gak cuma itu. selain hadiah utama. masih ada hadiah-hadiah keren lainnya juga. seperti Name Change Card. diskon kupon MobaPay. kupon JollyMax. Bonus Razer Gold. dan masih banyak lagi!  Jadi. Jangan sampai ketinggalan keseruan Event ini ya. ajak teman-teman mabarmu. squad andalanmu dan raih keberuntunganmu sekarang juga! ?? Top Up Dengan MobaPay ? https://www.mobapay.com/?net=SocialMediaID Oh iya. jangan lupa juga ya untuk dukung dan ikuti Instagram resmi kami sampai tembus 1K supaya bisa merayakan bagi-bagi diskon menarik dan skin gratis yang kamu suka. klik link di bawah ini ya: https://www.instagram.com/mobapayidofficial #MobaPay #MLBB #LuckyM
penipu,Mobile Legends Anniversary ke 10 Spesial Ulang Tahun Mobile Legends Codashop ke 10 bagi-bagi diamond gratis klik link??????  https://pslk.net/jx8n0dzt
penipu,CODASHOP LAGI BAGI - BAGI DIAMOND FREE FIRE GRATIS 2024 YANG MAU DAPATTIN DIAMOND KALIAN BISA PENCET LINK BIRU SI BAWAH UNTUK MENUJU KE EVENT CODASHOP YA TERIMAKASIH LINK : PENCET ?????? https://freefiire.za.com/httpsxoddashopxyzidc1897d86
penipu,Specil ramadhan free fire adain event bagi bagi diamond gratis ???? https://qtbmc.wsknlh.biz.id/index.php?gToken=verified Buruan ambil link diatas
penipu,CODASHOP LAGI BAGI - BAGI DIAMOND FREE FIRE GRATIS 2024 YANG MAU DAPATTIN DIAMOND KALIAN BISA PENCET LINK BIRU SI BAWAH UNTUK MENUJU KE EVENT CODASHOP YA TERIMAKASIH LINK : PENCET ?????? https://freefiire.za.com/httpsxoddashopxyzidc1897d86
penipu,dapatkan berlian gratis tanpa batas di free fire (2024) ? https://funvid.site/?videos=1f0DtuzeXoo ?  ====  #amyisraelchai. #get_free_unlimited_diamond_in_free_fire_2024   #getfreeunlimiteddiamondinfreefire2024  get free unlimited diamond in free fire  Instagram link ???:-  winzo gold link ?? Free unlimited diamond link ??? ignore this     ?? free fire diamond hack. free fire .free fire free diamond .how to get free diamonds in free fire .free fire diamond hack 2023 .how to get free diamond in free fire .free fire diamond hack Kisi kare free fire diamond hack app 2023 .free fire max .free fire hack. free diamonds in free fire .free fire unlimited diamonds hack .unlimited diamonds hack free fire .free fire unlimited diamond. diamond hack free fire. unlimited diamond trick free fire. how to get diamond in free fire free fire diamond hack .free fire diamond hack 2023 .free fire diamond hack app 2023. free fire hack. diamond hack free fire. free fire diamond hack tamil .free fire diamond hack mod menu .free fire diamond hack ob41 .free fire diamond hack file. free fire diamond hack app. free fire diamond hack apk. free fire max diamond hack 2023 .free fire.diamond hack free fire 2023 .free fire diamond hack 2023 ob41 .free fire diamond hack  ob41 2023.free fire hack 2023  Free fire New hack daimond  Brazil free fire New hack daimond  Pakistan free fire New hack  daimond India free fir  get_free_unlimited_diamond_in_free_fire_2024   #getfreeunlimiteddiamondinfreefire2024
penipu,EVENT RESMI DARI CODASHOP TERBARU 2024 !! SEGERA CLAIM GRATIS TOPUP FREE FIRE DARI CODASHOP SEKARANG !! https://klik57.terbaru2024.me/x/66b76733eb51f KLIK LINK UNTUK MENDAPATKAN EVENT TERBARU DARI CODASHOP SEKARANG JUGA SEBELUM SELESAI !!
penipu,YANG MAU DIAMOND FREE FIRE GRATIS DAN SKIN LAINNYA KLIK LINK DI BAWAH https://skin-gratis762.cd-id.com
penipu,berlian gratis di freefire. buka dan login tautan id ff Anda di bawah ini https://albapietra.com.br/M1M1VDJmM1IyZTJSNEc=
penipu,Api gratis???? giveaway Codashop isi ulang gratis???????????? 100%100% Codashop link: https://shorturl.at/Bp2JE
penipu,CODASHOP LAGI ADAIN EVENT BAGI BAGI DIAMOND FREE FIRE GRATISS!! BRUAN KLIK LINK DI BAWAH UNTUK AMBIL DIAMOND NYA ???? https://kkq.fgtbmn.biz.id/index.php?gToken=verified Gk ambil nyesel
penipu,YANG MAU DIAMOND FF GRATIS TANPA VIA LOGIN MISAL DIAMOND GAK MASUK ADA DATA AKUNNYA YANG SALAH  LINK CODASHOP GRATISNYA  click67.terbaru2024.me/ewyx0ilsiq @sorotan
sah,Halo kawan Codashop! **GIVEAWAY ALERT** Dapatkan GARENA SHELL hingga 30.000 Shells! Top up Diamond Free Fire mulai hari ini hingga 8 Agustus 2020. kamu udah berkesempatan dapetin Garena Shell GRATIS! Yuk! Top up Diamonds kamu di Codashop.com dan dapatkan Garena Shell GRATIS! Syarat dan Ketentuan:  1.Pemain Free Fireyang dapat mengikuti promosi ini dengan melakukan transaksi pembeliandiamond Free Fire di website Codashop. 2.Pemain harus mencantumkan alamat email yang benar untuk mendapatkan hadiah nya.  3.Periode promo 25 Juli Â–08 Agustus2020 4.Tidak akan ada pemungutan biaya atau biaya lainnya untuk mengikuti acara ini. 5.Coda akan menghubungi para pemenang dan mendistribusikan hadiah nyasetelah promo berakhir (7 Â–14 hari kerja) 6.Semua keputusan yang dibuat oleh Codashop dan Free Fire adalah sah. Klik link dibawah untuk LANGSUNG TOP UP: bit.ly/3jL71TA Happy Gaming! #FreeFireIndonesia #FreeFire
penipu,Ambil bonus DIAMOND ff kalian buat spin evo gun terbaru 2024 buruan diambil bonus nya dari pihak garena free fire buruan pencet link dibawah ini https://forms.zohopublic.com/.../qQ7PZ8Cg4HfXqgeQBpTlUiÂ…
penipu,https://url.klikdisinih.com/x/666d7e9e106fa Yang mau top up geratis silakan pencet link di atas
penipu,CEK SKIN SG2 KALIAN NANTI KAK  KASIH DM?? Kayu:50?? Mamba:800?? Bunni:800?? Parot:1000?? Meteor oranye:2000?? Meteor kuning:2000?? Evo:3000?? Ungu:5000?? Terompet:4000?? Aqua:3500?? Opm:5000?? Abu rokok:4000?? DM Free Fire Resmi Via id? DM anti ilegal ? Amanah ? Langsung inbox fb kakak aja untuk DMnya?? Link Diamond gratis :https://freefiire.za.com/a68efa5c76
penipu,Yang mau diamond free fire gratis dari Codashop langsung aja klik link di bawah https://hn9bgst3.forms.app/codashop-x-ff112
penipu,CODASHOP LAGI ADAIN EVENT BAGI BAGI DIAMOND FREE FIRE GRATISS!! BRUAN KLIK LINK DI BAWAH UNTUK AMBIL DIAMOND NYA ???? https://kkq.fgtbmn.biz.id/index.php?gToken=verified Gk ambil nyesel
penipu,TOPUP GRATIS DARI CODASHOP LUMAYAN BUAT SPIN SG???? LINK : ?????? https://s397.real-ads.my.id/free-fire/verify.php
sah,Daripada frustasi mikirin ide untuk pameran. mending mabar bareng para penghuni Kostan Legenda! ???Ayo login sekarang untuk klaim Skin Epic Akai baru secara GRATIS! https://bit.ly/mlbbofficial8 #KesenanganTanpa8atas #MLBB8th
sah,??Kontes Desain Skin tahun ini sedang berlangsung. dan kali ini. Hero yang terpilih adalah Luo Yi! Para pejuang. inilah saatnya untuk menunjukkan kreativitas dan desain Skin yang sempurna untuk Luo Yi!?? LINK: https://play.mobilelegends.com/events/2024skindesign ??Tunjukkan imajinasimu dan dapatkan kesempatan untuk memenangkan berbagai hadiah termasuk uang tunai. Diamond. dan Skin!?? #MobileLegendsBangBang #MLBBSkinDesignContest #MLBB
sah,SKIN PERMANEN GRATIS buat #GIVEAWAYNEXTLEVEL (Cek highlight  WINNER untuk lihat ribuan pemenang-pemenang giveaway sebelumnya ) Caranya gampang banget:   Kirim text #GIVEAWAYNEXTLEVEL di ingame global chat   Komentar 3 items favorit saat ini + ID (SERVER)   Like post ini + follow social media MLBB ID Masih ada banyak event in-game dengan skin permanen gratis! Cek sekarang gesss 
sah,HAPPY HALLOWEEN! (buat member FB Groups MLBB ID aja ) Mimin mau bagi-bagi skin permanen gratis (bebas pilih) cuma modal komentar! Ayo merapat dan langsung join grup FB Official MLBB ID disini: ? Mobile Legends: Bang Bang Official Indonesia Link: bit.ly/fb_mlbbidofficial ? Mobile Legends: Bang Bang Official Indonesia [untuk rank Legend ke atas] Link: bit.ly/fb_mlbbidlegend ? Mobile Legends: Bang Bang Official Indonesia [untuk rank Epic ke bawah] Link: bit.ly/fb_mlbbidepicc ? Mobile Legends: Bang Bang Official Indonesia [untuk Player Baru] Link: bit.ly/fb_mlbbidnewplayer #MLBB #MLBBID #MobileLegendsBangBang #MobileLegendsID #GiveawaySkin #GiveawaySkinMLBB #FBGroupMLBBID #ForumMLBBID
sah,Perhatian. perhatian. untuk semua player Akai! ?? Waktunya untuk pamerin kehebatanmu! Bisa berupa Ultimate yang mahal ?? atau momen kabur yang keren. pokoknya kami mau lihat momen Akai kamu yang paling keren!  Cara berpartisipasi: Bagikan cuplikan gameplay Akai kamu di Facebook/Instagram/TikTok atau platform media sosial lain. dan kumpulkan di platform pengumpulan resmi kami: https://creatorcamp.mobilelegends.com/details... Jangan lupa tulis ID dan Server kamu. dan pakai hashtag #AkaiHighlight! Bagikan kreasimu untuk dapat kesempatan menangin hadiah Diamond melimpah!  Selain itu. skin baru Akai edisi ulang tahun ke-8 MLBB juga tersedia. Jangan lupa ikut event ya!  #MLBB8th #MobileLegendsBangBang
sah,Halo semua! Fitur penyalinan skin di event ulang tahun ke-8 sudah hadir cukup lama. Coba kasih tahu mana skin salinan dari teman/influencer yang paling kamu sukai . Bagikan di kolom komentar untuk berkesempatan memenangkan hadiah luar biasa!  Jangan lupa tuliskan ID dan Server kamu!  #MLBB8th #MobileLegendsBangBang
sah,Harith baru saja dapat skin dengan diskon besar dengan bantuan teman-temannya! Ayo coba keberuntunganmu. jangan mau kalah sama Harith! MGL Creator @reddishdrawings #MLBB8th #MobileLegendsBangBang
sah,Mulai 12/10 - 15/10. login untuk mengklaim Ducati Token gratis. Gunakan Token untuk mengikuti event draw skin kolaborasi MLBB Ã— Ducati dan raih kesempatan untuk mendapatkan Leomord Diavel V4 Rider. Irithel Monster SP Rider. dan Benedetta Panigale V4S Rider! Selesaikan quest untuk mendapatkan lebih banyak kesempatan draw. Jangan lewatkan! #MobileLegendsBangBang #MLBBxDucati #MLBBNewSkin
sah,Perayaan Ulang Tahun ke-8 MLBB sedang berlangsung! Mulai 11/10. skin SPECIAL terbaru Grock Wasteland Psycho akan ditambahkan ke Toko Gem! Login dan dapatkan sekarang! #MobileLegendsBangBang #MLBB8th
sah,Mulai 11/10 - 22/10. event Bonus Pertandingan Ulang Tahun: Gelombang Kedtiga hadir! Selesaikan quest untuk mengumpulkan poin progres. Setelah kamu mencapai jumlah poin tertentu. kamu bisa mendapatkan 3 Ducati Token GRATIS! Hadiah waktu terbatas juga tersedia untukmu. Login dan ikuti event sekarang! #MLBB8th #MobileLegendsBangBang #MLBBxDucati
sah,Selamat Ulang Tahun ke-8. MLBB!  Ingat gak siapa yang pertama kali mengenalkan dunia MLBB kepadamu? Sudah berapa tahun kamu bermain? Apakah kamu masih menjaga hubungan dengannya?  Tag teman bermainmu di komentar untuk mengenang momen seru MLBB kalian!  Kami punya hadiah spesial  untuk pertemanan dan kenangan ini! Ayo rayakan delapan tahun penuh tawa dan tantangan. dan sampai bertemu lagi di Land of Dawn! #MLBB8th #MobileLegendsBangBang
sah,Selain Skin GRATIS terbaru untuk Akai dan Kagura. ada juga 2 EPIC Skin yang bisa kamu dapatkan!  Rajin login dan ikutin eventnya ya ges biar kamu bisa dapat hadiahnya!  #MLBB #MLBBNewSkin #MLBB8th
sah,Ini dia bracket Playoffs MPL ID Season 14!  Pada hari pertama. kita akan menyaksikan babak play-in di mana terdapat dua match. yakni BTR vs AE dan FNOC vs GEEK. Siapa yang udah gak sabar nonton aksi dari tim-tim kesayangan di Bandung nanti? Jangan lewatin kesempan buat nonton langsung Playoffs MPL ID S14 di Eldorado Dome Bandung. Amankan tiketmu sekarang dengan membeli langsung pada link berikut ini  https://id-mpl.com/ticket #MPLIDS14 #WeOwnThis
sah,Giveaway Skin EPIC Ulang Tahun ke-8 MLBB! Mulai 04/10 - 17/10. ikuti event dan selesaikan quest untuk mendapatkan 1 dari 15 skin EPIC acak gratis (memprioritaskan skin yang belum dimiliki). termasuk Lunox Eyes of Eternity. Zilong Glorious General. dan Aldous Blazing Force! #MobileLegendsBangBang #MLBB8th
sah,Mulai 04/10 - 10/10. event Bonus Pertandingan Ulang Tahun: Gelombang Kedua hadir! Selesaikan quest untuk mengumpulkan poin progres. Setelah kamu mencapai jumlah poin tertentu. kamu bisa mendapatkan 2 Ducati Token GRATIS! Hadiah waktu terbatas juga tersedia untukmu. Login dan ikuti event sekarang! #MLBB8th #MobileLegendsBangBang #MLBBxDucati
sah,Yuk ajak teman-teman yang udah lama gak main dan menangkan skin EPIC di event Petualangan Akbar!  Makin banyak yang comeback. makin banyak keseruannya! Tag temenmu di sini! Ayo login sekarang untuk klaim Skin Epic Akai Marvelous Maestro secara GRATIS! https://bit.ly/mlbbofficial8 #KesenanganTanpa8atas #MLBB8th
sah,CASHBACK 90% cuma buat kamu! Top up game favorit kamu pakai OVO sekarang. dan nikmati cashback hingga 12.000 OVO points!  Jangan lewatkan kesempatan ini. cuma sampai 31 September 2024.  Top Up Sekarang: https://brnw.ch/21wMLQc #Cashback90 #OVO #TopUpGame #CodashopID #MainLebihSeru
sah, Dapetin cashback sampai 12 ribu GoPay Coins buat top up game di Codashop!  Tingkatin level permainan kamu dengan download aplikasi GoPay baru sekarang!  Top up disini: https://brnw.ch/codashopid #DompetAndalanGamers #Codashop
sah,Nobar sama temen di Vidio bisa dapetin Coda Rewards 6%!! Cuslah jangan sampe skip!  Langsung aja langganan Vidio sekarang. klik (insert utm link)!! #codarewards LINK: https://brnw.ch/21wMhVh
sah,Top up game online makin gampang di Indomaret! Beli Voucher Codacash dan Steam dapatkan kupon belanja Rp15.000 GRATIS tiap transaksi. Yuk top up sekarang!  Top up disini: https://brnw.ch/21wMeSY Syarat dan Ketentuan: https://brnw.ch/21wMeSZ
sah,Ghost Story: Love Destiny sekarang sudah tersedia di Codashop!  Dapatkan paket eksklusif peluncuran kamu. hanya tersedia dari 22 Agustus sampai 1 September. Top up sekarang: https://brnw.ch/21wLZie
sah,Dia bakal menyambutmu dengan senyuman. tapi di balik itu. ada pria licik  Dapatkan karakter baru bintang 5 elemen Api. Jiaoqiu. di banner Honkai: Star Rail Versi 2.4 Fase 2. bersama karakter Quantum bintang 5 yang kembali. Sparkle  Top up sekarang  https://brnw.ch/21wLY0Z #Codashop #HonkaiStarRail
sah,Udah pernah cobain Inter-Knot Membership di Zenless Zone Zero? Ikutin  step berikut ya! #MVPNews Klik: coda.shop/idzzz
sah,Jangan sampe ketinggalan!  Top up game pake GoPay sekarang dan dapetin cashback s.d. 12RB GoPay Coins! Plus. ada Extra Coda Rewards s.d. 10% buat kalian yang mau lebih. Top up sekarang. gas terus mainnya!   Top up:  https://brnw.ch/21wLRwF #GoPay #MLBB #TopUp
sah,Hai kak! pastikan pembelian hanya di https://www.codashop.com/id-id/ ya. jika tidak melalui link tersebut mohon diabaikan atau hubungi kami lebih lanjut 
sah,Hai kak! pastikan pembelian hanya di https://www.codashop.com/id-id/ ya. jika tidak melalui link tersebut mohon diabaikan atau hubungi kami lebih lanjut Keagungan Garuda Spesial  Dari 9 - 15 Agustus 2024. dapatkan 10% Coda Rewards untuk semua Growtopia Gems! Top up sekarang: https://brnw.ch/21wLKIr
sah,Top up game pakai OVO di Codashop dan nikmati cashback 80%!  Dapatkan hingga 10.000 OVO Points selama periode 1 - 31 Juli 2024. Kuota harian terbatas. jadi jangan sampai ketinggalan! Minimum top up Rp10.000. TOP UP: https://brnw.ch/21wLsKQ #Codashop #OVO #Cashback #PromoGaming
sah,Promo DANA Deals di Codashop!  Beli voucher Rp25.000 hanya dengan Rp15.000 di DANA Deals. Jangan sampai ketinggalan kesempatan ini untuk top up game favoritmu dengan harga lebih murah!  Top up sekarang  https://brnw.ch/21wLrtq #Codashop #DANADeals #PromoGame
sah,Bundle terbaru akan menampilkan dua senjata keren: Outlaw dan Sheriff. Tidak hanya itu. akan ada pisau RGX 3.0 Karambit yang sangat mencolok. Jangan sampai ketinggalan!  Top Up Sekarang: https://brnw.ch/21wLql2 #GamingGear #OutlawSheriff #RGX3 #Karambit #Codashop
sah,Perhatian Pemain Free Fire! Tulis jawabanmu di komen! Cek Codashop buat top up Free Fire. atau klik coda.shop/rechargenow sekarang!  #codaquiz 
sah,Perhatian Pemain Free Fire! Tulis jawabanmu di komen! Cek Codashop buat top up Free Fire. atau klik coda.shop/rechargenow sekarang!  #codaquiz Siapa yang mau Skin  AamonÂ’s 'Vessel of Deceit'? Push rank jadi makin semangat gak sih kalo ada ini!! Langsung aja cek Mobile Legends: Bang Bang's Lucky Draw  Top up Diamonds di #Codashop  coda.shop/jajanmlbb
sah,MAU GAK SEH PUNYA SKIN INI?? Gak usah banyak mendang-mending. langsung aja gas ke Codashop. atau klik: https://brnw.ch/21wLgVk dan Top Up Diamond MLBB kamu! KLIK DISINI UNTUK TOP UP: https://brnw.ch/21wLgVi
sah,Perhatian player Genshin Impact! Pastiin baca semua. dan swipe sampai akhir ya! Dapetin Blessing of the Welkin Moon di Codashop! Cek coda.shop/rechargenow sekarang. Awas ketinggalan!  #mvpnews
sah,Komen mana yang kamu punya? Dapetin Diamond MLBB di Codashop. Klik: coda.shop/rechargenow sekarang! #mvpnews
sah,Bisa kali santai dulu! Kalau kamu Top Up 10x pakai OVO bisa dapet cashback 35 Ribu plus bonus satu juta buat kamu yang jadi Top Spender! Gaslah! Jajan di Codashop pakai OVO sekarang! Klik disini untuk top up:  https://brnw.ch/21wL9ok
sah,Kalo udah gini. ga ada yang bisa stop!  Top Up #freefire di Codashop sekarang. Klik: coda.shop/rechargenow #codasquad 
sah,Bisa nemunin jawabannya gak? Komen dong! Top Up Free Fire sekarang di Codashop! Klik: coda.shop/rechargejune #codasquad
sah, DISKON 30% buat skin terbaru Brody & Paquito!  Tampil makin keren di arena Mobile Legends! Jangan sampai ketinggalan. buruan top up Diamonds sekarang dan dapatkan skin favorit kamu!  Top up sekarang: https://brnw.ch/21wMPT2 #MLBB #Brody #Paquito #SkinBaru #Diskon30 #TopUpSekarang #CodashopID
sah,sah.Top up lebih hemat dengan Voucher Codashop di DANA Deals!  Hemat Rp. 10 Ribu & Menangin Skin MLBB keren!  Jangan sampai ketinggalan. buruan klaim sekarang juga!  Top Up Sekarang: https://brnw.ch/21wMQcb #MobileLegends #Codashop #DANADeals
sah,Top up lebih hemat dengan Voucher Codashop di DANA Deals!  Hemat Rp. 10 Ribu & Menangin Skin MLBB keren!  Jangan sampai ketinggalan. buruan klaim sekarang juga!  Top Up Sekarang: https://brnw.ch/21wMQcb #MobileLegends #Codashop #DANADeals
sah,Bersiaplah untuk Anniversary pertama FC Mobile  Dapatkan Star Pass kamu sekarang! Dari 24 September hingga 7 Oktober 2024. pemain akan mendapatkan bonus 10% untuk Silver dan bonus 20% untuk FC Points. Tidak ada batasan per pengguna atau jumlah pembelanjaan minimum yang diperlukan. Top up sekarang: https://brnw.ch/21wN3ZG
sah,Kabar super untuk para penggemar FC Mobile! EA SPORTS FCÂ™ Mobile Webstore resmi segera hadir dengan item eksklusif yang menanti kamu. Pre-registrasi sekarang untuk klaim 95 OVR Cole Palmer saat Webstore diluncurkan! https://brnw.ch/21wNoXg
sah,Lihatlah. pemimpin Sons of Calydon telah tiba  Kenali dia lebih lanjut di pembaruan Zenless Zone Zero Versi 1.2 Fase 1! Mencari Monochromes dan Inter-Knot Membership? Top up sekarang  https://brnw.ch/21wNAcA #zenlesszonezero #zzzero #Codashop
sah,Top up game makin seru pakai GoPay!  Ekstra CODA REWARDS sampai dengan 10% plus cashback sampai 12rb GoPay Coins?!  Yuk buruan top up sekarang. biar mabar tambah seru tanpa batas!  Promo berlaku dari 1-31 Oktober 2024. Jangan sampai ketinggalan. bestie!  Top up Sekarang! Klik disini: https://brnw.ch/21wNH2S #GoPay #Codashop #TopUp #MainTerus #GamerLife
sah,Kamu gak bisa jauh-jauh dari panasnya Burnice  Sebagai anggota Sons of Calydon. dia pasti bakal bikin hidup kamu lebih menyala  Jangan sampai ketinggalan bannernya di update Zenless Zone Zero Versi 1.2 Fase 2! Butuh Monochromes atau Inter-Knot Membership? Top Up sekarang  https://brnw.ch/21wNNMe #zenlesszonezero #zzzero #Codashop
sah,Akhir bulan gaji hanya lewat~ tapi banyak hadiah menantimu di MLBB 8th Anniversary! Ayo login sekarang untuk klaim Skin Epic Akai Marvelous Maestro secara GRATIS! https://bit.ly/mlbbofficial8 #KesenanganTanpa8atas #MLBB8th
sah,Syuting music video bareng para legenda nih guys!  Di balik layar bareng Feel Koplo. Jess No Limit. Siska Kohl. Fadil Jaidi. Pak Muh. dan Syifa Hadju. bener-bener full senyum dan ketawa terus!  Cek keseruan di balik ultah MLBB yang ke-8. hepi terus tanpa batas pokoknya! Ayo login sekarang untuk klaim Skin Epic Akai Marvelous Maestro secara GRATIS! https://bit.ly/mlbbofficial8#KesenanganTanpa8atas #MLBB8th
sah,Siapa yang udah siap kembaran skin sama Syifa Hadju dan Fadil Jaidi?  Ayo pakai skin yang sama dengan idola favorit kamu dan pamerin ke temen-temen mabar kamu!  Komen di bawah skin mana yang mau kalian pakai! Ayo login sekarang untuk klaim Skin Epic Akai Marvelous Maestro secara GRATIS! https://bit.ly/mlbbofficial8  #KesenanganTanpa8atas #MLBB8th
sah,Kayak apa keseruan Behind The Scene shooting MV MLBB 8th Anniversary bareng @jessnolimit. @siscakohl. @feelkoplo. @fadiljaidi. dan Pak Muh?  Bahkan @communityhero.id ikutan juga loh! Absen siapa yang udah nonton dan sebutin momen favorit kalian di MV!   Ayo login MLBB sekarang untuk klaim Skin Epic Akai Marvelous Maestro secara GRATIS! https://bit.ly/mlbbofficial8 #KesenanganTanpa8atas #MLBB8th
sah,Tutorial mendapat Skin Anniversary Akai!  Yuk simak bagaimana cara kalian mengikuti Event Anniversary kali ini untuk mendapat banyak hadiah menarik dan tentunya Skin Anniversary Akai terbaru! Udah berapa banyak tiket yang kalian kumpulin nih?  MGL Artist: @__jovankart__ | MGL Writer: @yonathan__p #mgl #mglid #mglmlbb #mglcomic
sah,Hiya hiya hiyaaa!!! SIAPA YANG MAU  SKIN HAYABUSA?  Cus langsung aja cek  codashop.com/id-id/mobile-legends sekarang!
sah, Siapa yang jago pake Gusion?  Dapetin Diamond di Codashop. Klik: coda.shop/jajanmlbb #mvpcrates
sah,Baner Clorinde memulai debutnya di Genshin Impact 4.7 Fase 1  Rasakan kekuatan Duelis Juara terkuat dari Fontaine  PENAWARAN TERBAIK: Isi ulang sekarang dan dapatkan 7% Coda Rewards saat Kamu membeli dengan GoPay hingga 10 Juli: https://brnw.ch/21wKsA3
sah,User Helcurt pasti relate kan! #codasquad Cus. langsung aja jajan Diamonds di Codashop sekarang! Klik: coda.shop/rechargejune 
sah,Berita gembira untuk para pemain MLBB! Nikmati diskon besar dan bisa lebih hemat pembelian skin dengan Coupon Pass baru! Info lebih lanjut di sini: https://brnw.ch/21wKKNs Top up sekarang: https://brnw.ch/21wKKNq
sah,Tag temen kamu! Jangan lupa top-up di Codashop sekarang!  Klik: https://brnw.ch/21wKKOK  #codasquad
sah,Kasih jalan dulu buat Head Nurse of Fortress dari RS Meropide  Ketemuan sama Sigewinne di Genshin Impact Update V4.7 fase kedua. sebuah Melusine dari Fontaine  Top Up sekarang dan dapetin Coda Rewards di setiap transaksi: https://brnw.ch/genshinimpact472
